{
  "customers": [
    {
      "id": "1",
      "username": "Axle",
      "password": "1234"
    },
    {
      "username": "John",
      "password": "1234",
      "id": "N4Y7urz"
    },
    {
      "username": "Cathy",
      "password": "1234",
      "id": "O77w_GD"
    },
    {
      "username": "Leon",
      "password": "1234",
      "id": "1xis1UJ"
    },
    {
      "username": "Clyde",
      "password": "1234",
      "id": "mwuFJ1k"
    },
    {
      "username": "Cathy",
      "password": "1234",
      "id": "m5JBusa"
    }
  ]
}